ID,Interval,Transfer,Bitrate,Retr,Cwnd
7,0.00-1.00,4.25 MBytes,35.7 Mbits/sec,20,29.7 KBytes
9,0.00-1.00,5.60 MBytes,46.9 Mbits/sec,17,42.4 KBytes
11,0.00-1.00,4.55 MBytes,38.2 Mbits/sec,43,41.0 KBytes
13,0.00-1.00,4.34 MBytes,36.4 Mbits/sec,23,48.1 KBytes
7,1.00-2.00,1018 KBytes,8.34 Mbits/sec,2,19.8 KBytes
9,1.00-2.00,1.49 MBytes,12.5 Mbits/sec,0,4.24 KBytes
11,1.00-2.00,1.74 MBytes,14.6 Mbits/sec,0,7.07 KBytes
13,1.00-2.00,1.24 MBytes,10.4 Mbits/sec,9,12.7 KBytes
7,2.00-3.00,2.49 MBytes,20.8 Mbits/sec,0,39.6 KBytes
9,2.00-3.00,2.61 MBytes,21.9 Mbits/sec,0,48.1 KBytes
11,2.00-3.00,2.05 MBytes,17.2 Mbits/sec,0,36.8 KBytes
13,2.00-3.00,2.86 MBytes,24.0 Mbits/sec,0,42.4 KBytes
7,3.00-4.00,1.74 MBytes,14.6 Mbits/sec,20,45.2 KBytes
9,3.00-4.00,3.54 MBytes,29.7 Mbits/sec,0,87.7 KBytes
11,3.00-4.00,2.11 MBytes,17.7 Mbits/sec,0,53.7 KBytes
13,3.00-4.00,2.49 MBytes,20.9 Mbits/sec,0,59.4 KBytes
7,4.00-5.00,2.11 MBytes,17.7 Mbits/sec,0,70.7 KBytes
9,4.00-5.00,3.48 MBytes,29.2 Mbits/sec,0,115 KBytes
11,4.00-5.00,2.42 MBytes,20.3 Mbits/sec,0,80.6 KBytes
13,4.00-5.00,2.42 MBytes,20.3 Mbits/sec,0,84.8 KBytes
7,5.00-6.00,2.24 MBytes,18.8 Mbits/sec,18,55.1 KBytes
9,5.00-6.00,3.73 MBytes,31.3 Mbits/sec,2,77.8 KBytes
11,5.00-6.00,2.24 MBytes,18.8 Mbits/sec,19,46.7 KBytes
13,5.00-6.00,2.98 MBytes,25.0 Mbits/sec,21,62.2 KBytes
7,6.00-7.00,2.61 MBytes,21.9 Mbits/sec,0,84.8 KBytes
9,6.00-7.00,2.98 MBytes,25.0 Mbits/sec,0,74.9 KBytes
11,6.00-7.00,2.24 MBytes,18.8 Mbits/sec,0,76.4 KBytes
13,6.00-7.00,2.80 MBytes,23.5 Mbits/sec,0,91.9 KBytes
7,7.00-8.00,2.49 MBytes,20.8 Mbits/sec,19,43.8 KBytes
9,7.00-8.00,1.55 MBytes,13.0 Mbits/sec,31,22.6 KBytes
11,7.00-8.00,1.30 MBytes,10.9 Mbits/sec,3,31.1 KBytes
13,7.00-8.00,1.30 MBytes,10.9 Mbits/sec,30,28.3 KBytes
7,8.00-9.00,2.24 MBytes,18.8 Mbits/sec,0,74.9 KBytes
9,8.00-9.00,1.24 MBytes,10.4 Mbits/sec,0,52.3 KBytes
11,8.00-9.00,1.86 MBytes,15.6 Mbits/sec,0,60.8 KBytes
13,8.00-9.00,1.80 MBytes,15.1 Mbits/sec,0,59.4 KBytes
7,9.00-10.00,2.24 MBytes,18.8 Mbits/sec,0,94.7 KBytes
9,9.00-10.00,1.74 MBytes,14.6 Mbits/sec,0,72.1 KBytes
11,9.00-10.00,1.68 MBytes,14.1 Mbits/sec,0,80.6 KBytes
13,9.00-10.00,1.74 MBytes,14.6 Mbits/sec,0,79.2 KBytes
7,10.00-11.00,2.86 MBytes,24.0 Mbits/sec,43,60.8 KBytes
9,10.00-11.00,1.99 MBytes,16.7 Mbits/sec,31,48.1 KBytes
11,10.00-11.00,2.61 MBytes,21.9 Mbits/sec,53,58.0 KBytes
13,10.00-11.00,2.36 MBytes,19.8 Mbits/sec,45,52.3 KBytes
7,11.00-12.00,2.49 MBytes,20.9 Mbits/sec,24,62.2 KBytes
9,11.00-12.00,1.99 MBytes,16.7 Mbits/sec,0,55.1 KBytes
11,11.00-12.00,2.42 MBytes,20.3 Mbits/sec,0,62.2 KBytes
13,11.00-12.00,2.05 MBytes,17.2 Mbits/sec,0,58.0 KBytes
7,12.00-13.00,2.49 MBytes,20.8 Mbits/sec,0,89.1 KBytes
9,12.00-13.00,2.24 MBytes,18.8 Mbits/sec,0,80.6 KBytes
11,12.00-13.00,2.24 MBytes,18.8 Mbits/sec,2,62.2 KBytes
13,12.00-13.00,2.42 MBytes,20.3 Mbits/sec,0,83.4 KBytes
7,13.00-14.00,2.98 MBytes,25.0 Mbits/sec,0,110 KBytes
9,13.00-14.00,2.73 MBytes,22.9 Mbits/sec,0,103 KBytes
11,13.00-14.00,2.05 MBytes,17.2 Mbits/sec,0,83.4 KBytes
13,13.00-14.00,2.73 MBytes,22.9 Mbits/sec,0,106 KBytes
7,14.00-15.00,2.73 MBytes,22.9 Mbits/sec,0,97.6 KBytes
9,14.00-15.00,2.49 MBytes,20.9 Mbits/sec,0,90.5 KBytes
11,14.00-15.00,2.24 MBytes,18.8 Mbits/sec,0,76.4 KBytes
13,14.00-15.00,2.73 MBytes,22.9 Mbits/sec,0,93.3 KBytes
7,15.00-16.00,3.48 MBytes,29.2 Mbits/sec,0,120 KBytes
9,15.00-16.00,2.55 MBytes,21.4 Mbits/sec,40,80.6 KBytes
11,15.00-16.00,2.17 MBytes,18.2 Mbits/sec,5,70.7 KBytes
13,15.00-16.00,2.80 MBytes,23.5 Mbits/sec,2,82.0 KBytes
7,16.00-17.00,2.49 MBytes,20.9 Mbits/sec,0,105 KBytes
9,16.00-17.00,1.74 MBytes,14.6 Mbits/sec,0,72.1 KBytes
11,16.00-17.00,2.05 MBytes,17.2 Mbits/sec,0,90.5 KBytes
13,16.00-17.00,2.49 MBytes,20.9 Mbits/sec,0,102 KBytes
7,17.00-18.00,1.99 MBytes,16.7 Mbits/sec,0,116 KBytes
9,17.00-18.00,1.49 MBytes,12.5 Mbits/sec,0,86.3 KBytes
11,17.00-18.00,1.99 MBytes,16.7 Mbits/sec,0,105 KBytes
13,17.00-18.00,1.99 MBytes,16.7 Mbits/sec,0,116 KBytes
7,18.00-19.00,1.74 MBytes,14.6 Mbits/sec,0,127 KBytes
9,18.00-19.00,1.24 MBytes,10.4 Mbits/sec,0,97.6 KBytes
11,18.00-19.00,1.06 MBytes,8.86 Mbits/sec,1,90.5 KBytes
13,18.00-19.00,1.49 MBytes,12.5 Mbits/sec,9,96.2 KBytes
7,19.00-20.00,2.05 MBytes,17.2 Mbits/sec,0,100 KBytes
9,19.00-20.00,1.49 MBytes,12.5 Mbits/sec,0,80.6 KBytes
11,19.00-20.00,1.30 MBytes,10.9 Mbits/sec,7,53.7 KBytes
13,19.00-20.00,1.49 MBytes,12.5 Mbits/sec,0,80.6 KBytes
7,20.00-21.00,2.49 MBytes,20.9 Mbits/sec,3,89.1 KBytes
9,20.00-21.00,2.49 MBytes,20.9 Mbits/sec,0,99.0 KBytes
11,20.00-21.00,1.24 MBytes,10.4 Mbits/sec,6,56.6 KBytes
13,20.00-21.00,1.74 MBytes,14.6 Mbits/sec,11,52.3 KBytes
7,21.00-22.00,1.86 MBytes,15.6 Mbits/sec,18,56.6 KBytes
9,21.00-22.00,3.23 MBytes,27.1 Mbits/sec,0,122 KBytes
11,21.00-22.00,1.99 MBytes,16.7 Mbits/sec,0,79.2 KBytes
13,21.00-22.00,1.24 MBytes,10.4 Mbits/sec,4,55.1 KBytes
7,22.00-23.00,1.86 MBytes,15.6 Mbits/sec,36,53.7 KBytes
9,22.00-23.00,2.86 MBytes,24.0 Mbits/sec,16,74.9 KBytes
11,22.00-23.00,2.49 MBytes,20.9 Mbits/sec,38,70.7 KBytes
13,22.00-23.00,1.74 MBytes,14.6 Mbits/sec,18,36.8 KBytes
7,23.00-24.00,2.17 MBytes,18.2 Mbits/sec,4,58.0 KBytes
9,23.00-24.00,2.24 MBytes,18.8 Mbits/sec,15,55.1 KBytes
11,23.00-24.00,2.49 MBytes,20.9 Mbits/sec,12,69.3 KBytes
13,23.00-24.00,1018 KBytes,8.34 Mbits/sec,29,29.7 KBytes
7,24.00-25.00,1.86 MBytes,15.6 Mbits/sec,0,79.2 KBytes
9,24.00-25.00,1.49 MBytes,12.5 Mbits/sec,3,55.1 KBytes
11,24.00-25.00,1.80 MBytes,15.1 Mbits/sec,8,66.5 KBytes
13,24.00-25.00,1018 KBytes,8.34 Mbits/sec,0,50.9 KBytes
7,25.00-26.00,1.55 MBytes,13.0 Mbits/sec,3,66.5 KBytes
9,25.00-26.00,1.24 MBytes,10.4 Mbits/sec,0,67.9 KBytes
11,25.00-26.00,1.24 MBytes,10.4 Mbits/sec,0,80.6 KBytes
13,25.00-26.00,1.24 MBytes,10.4 Mbits/sec,0,65.0 KBytes
7,26.00-27.00,1.55 MBytes,13.0 Mbits/sec,0,82.0 KBytes
9,26.00-27.00,1.49 MBytes,12.5 Mbits/sec,1,59.4 KBytes
11,26.00-27.00,1.74 MBytes,14.6 Mbits/sec,6,67.9 KBytes
13,26.00-27.00,1.49 MBytes,12.5 Mbits/sec,0,82.0 KBytes
7,27.00-28.00,2.17 MBytes,18.2 Mbits/sec,0,100 KBytes
9,27.00-28.00,1.49 MBytes,12.5 Mbits/sec,3,53.7 KBytes
11,27.00-28.00,1.49 MBytes,12.5 Mbits/sec,1,63.6 KBytes
13,27.00-28.00,2.24 MBytes,18.8 Mbits/sec,0,102 KBytes
7,28.00-29.00,2.80 MBytes,23.5 Mbits/sec,0,119 KBytes
9,28.00-29.00,1.49 MBytes,12.5 Mbits/sec,0,72.1 KBytes
11,28.00-29.00,1.55 MBytes,13.0 Mbits/sec,7,58.0 KBytes
13,28.00-29.00,1.99 MBytes,16.7 Mbits/sec,2,89.1 KBytes
7,29.00-30.00,2.55 MBytes,21.4 Mbits/sec,35,5.66 KBytes
9,29.00-30.00,1.74 MBytes,14.6 Mbits/sec,0,5.66 KBytes
11,29.00-30.00,1.24 MBytes,10.4 Mbits/sec,38,9.90 KBytes
13,29.00-30.00,1.49 MBytes,12.5 Mbits/sec,30,7.07 KBytes
7,30.00-31.00,1.55 MBytes,13.0 Mbits/sec,0,50.9 KBytes
9,30.00-31.00,1.74 MBytes,14.6 Mbits/sec,0,52.3 KBytes
11,30.00-31.00,1.99 MBytes,16.7 Mbits/sec,0,56.6 KBytes
13,30.00-31.00,1.99 MBytes,16.7 Mbits/sec,0,53.7 KBytes
7,31.00-32.00,1.86 MBytes,15.6 Mbits/sec,24,39.6 KBytes
9,31.00-32.00,2.24 MBytes,18.8 Mbits/sec,9,50.9 KBytes
11,31.00-32.00,2.24 MBytes,18.8 Mbits/sec,27,53.7 KBytes
13,31.00-32.00,2.24 MBytes,18.8 Mbits/sec,24,52.3 KBytes
7,32.00-33.00,1.86 MBytes,15.6 Mbits/sec,0,65.0 KBytes
9,32.00-33.00,2.24 MBytes,18.8 Mbits/sec,0,77.8 KBytes
11,32.00-33.00,2.49 MBytes,20.8 Mbits/sec,0,80.6 KBytes
13,32.00-33.00,2.24 MBytes,18.8 Mbits/sec,0,77.8 KBytes
7,33.00-34.00,1.55 MBytes,13.0 Mbits/sec,0,83.4 KBytes
9,33.00-34.00,1.99 MBytes,16.7 Mbits/sec,0,96.2 KBytes
11,33.00-34.00,1.99 MBytes,16.7 Mbits/sec,0,99.0 KBytes
13,33.00-34.00,1.99 MBytes,16.7 Mbits/sec,0,96.2 KBytes
7,34.00-35.00,1.86 MBytes,15.6 Mbits/sec,0,99.0 KBytes
9,34.00-35.00,1.99 MBytes,16.7 Mbits/sec,0,112 KBytes
11,34.00-35.00,1.99 MBytes,16.7 Mbits/sec,0,113 KBytes
13,34.00-35.00,1.99 MBytes,16.7 Mbits/sec,0,112 KBytes
7,35.00-36.00,1.86 MBytes,15.6 Mbits/sec,0,112 KBytes
9,35.00-36.00,1.99 MBytes,16.7 Mbits/sec,0,124 KBytes
11,35.00-36.00,2.24 MBytes,18.8 Mbits/sec,0,126 KBytes
13,35.00-36.00,1.86 MBytes,15.6 Mbits/sec,5,89.1 KBytes
7,36.00-37.00,1.86 MBytes,15.6 Mbits/sec,0,124 KBytes
9,36.00-37.00,2.30 MBytes,19.3 Mbits/sec,0,137 KBytes
11,36.00-37.00,2.11 MBytes,17.7 Mbits/sec,0,139 KBytes
13,36.00-37.00,1.30 MBytes,10.9 Mbits/sec,8,74.9 KBytes
7,37.00-38.00,1.86 MBytes,15.6 Mbits/sec,0,96.2 KBytes
9,37.00-38.00,1.86 MBytes,15.6 Mbits/sec,4,73.5 KBytes
11,37.00-38.00,2.17 MBytes,18.2 Mbits/sec,0,106 KBytes
13,37.00-38.00,1.24 MBytes,10.4 Mbits/sec,3,41.0 KBytes
7,38.00-39.00,3.11 MBytes,26.1 Mbits/sec,0,82.0 KBytes
9,38.00-39.00,2.17 MBytes,18.2 Mbits/sec,0,65.0 KBytes
11,38.00-39.00,3.11 MBytes,26.1 Mbits/sec,1,90.5 KBytes
13,38.00-39.00,1.24 MBytes,10.4 Mbits/sec,7,39.6 KBytes
7,39.00-40.00,2.49 MBytes,20.9 Mbits/sec,0,103 KBytes
9,39.00-40.00,1.86 MBytes,15.6 Mbits/sec,0,84.8 KBytes
11,39.00-40.00,2.86 MBytes,24.0 Mbits/sec,0,110 KBytes
13,39.00-40.00,1.49 MBytes,12.5 Mbits/sec,0,60.8 KBytes
7,40.00-41.00,2.17 MBytes,18.2 Mbits/sec,0,86.3 KBytes
9,40.00-41.00,1.86 MBytes,15.6 Mbits/sec,0,49.5 KBytes
11,40.00-41.00,2.49 MBytes,20.9 Mbits/sec,0,91.9 KBytes
13,40.00-41.00,1.24 MBytes,10.4 Mbits/sec,0,55.1 KBytes
7,41.00-42.00,1.86 MBytes,15.6 Mbits/sec,0,103 KBytes
9,41.00-42.00,1.24 MBytes,10.4 Mbits/sec,0,63.6 KBytes
11,41.00-42.00,1.86 MBytes,15.6 Mbits/sec,0,110 KBytes
13,41.00-42.00,1.24 MBytes,10.4 Mbits/sec,0,69.3 KBytes
7,42.00-43.00,2.17 MBytes,18.2 Mbits/sec,0,112 KBytes
9,42.00-43.00,1.24 MBytes,10.4 Mbits/sec,0,79.2 KBytes
11,42.00-43.00,2.49 MBytes,20.9 Mbits/sec,0,120 KBytes
13,42.00-43.00,1.49 MBytes,12.5 Mbits/sec,0,83.4 KBytes
7,43.00-44.00,2.49 MBytes,20.9 Mbits/sec,0,67.9 KBytes
9,43.00-44.00,1.86 MBytes,15.6 Mbits/sec,0,74.9 KBytes
11,43.00-44.00,2.49 MBytes,20.9 Mbits/sec,0,70.7 KBytes
13,43.00-44.00,1.99 MBytes,16.7 Mbits/sec,0,79.2 KBytes
7,44.00-45.00,2.17 MBytes,18.2 Mbits/sec,0,86.3 KBytes
9,44.00-45.00,2.17 MBytes,18.2 Mbits/sec,0,93.3 KBytes
11,44.00-45.00,2.17 MBytes,18.2 Mbits/sec,0,89.1 KBytes
13,44.00-45.00,2.24 MBytes,18.8 Mbits/sec,0,99.0 KBytes
7,45.00-46.00,1.86 MBytes,15.6 Mbits/sec,0,103 KBytes
9,45.00-46.00,2.17 MBytes,18.3 Mbits/sec,0,110 KBytes
11,45.00-46.00,1.86 MBytes,15.6 Mbits/sec,0,74.9 KBytes
13,45.00-46.00,2.24 MBytes,18.8 Mbits/sec,0,80.6 KBytes
7,46.00-47.00,2.17 MBytes,18.2 Mbits/sec,35,41.0 KBytes
9,46.00-47.00,2.55 MBytes,21.4 Mbits/sec,36,41.0 KBytes
11,46.00-47.00,2.17 MBytes,18.2 Mbits/sec,38,41.0 KBytes
13,46.00-47.00,1.99 MBytes,16.7 Mbits/sec,43,36.8 KBytes
7,47.00-48.00,2.17 MBytes,18.2 Mbits/sec,9,39.6 KBytes
9,47.00-48.00,2.17 MBytes,18.2 Mbits/sec,5,38.2 KBytes
11,47.00-48.00,1.86 MBytes,15.6 Mbits/sec,0,32.5 KBytes
13,47.00-48.00,1.74 MBytes,14.6 Mbits/sec,0,29.7 KBytes
7,48.00-49.00,2.49 MBytes,20.9 Mbits/sec,0,72.1 KBytes
9,48.00-49.00,2.17 MBytes,18.2 Mbits/sec,0,72.1 KBytes
11,48.00-49.00,2.17 MBytes,18.2 Mbits/sec,0,65.0 KBytes
13,48.00-49.00,1.99 MBytes,16.7 Mbits/sec,0,62.2 KBytes
7,49.00-50.00,2.17 MBytes,18.2 Mbits/sec,0,65.0 KBytes
9,49.00-50.00,2.17 MBytes,18.2 Mbits/sec,0,66.5 KBytes
11,49.00-50.00,1.86 MBytes,15.6 Mbits/sec,0,59.4 KBytes
13,49.00-50.00,1.99 MBytes,16.7 Mbits/sec,0,58.0 KBytes
7,50.00-51.00,1.86 MBytes,15.6 Mbits/sec,0,62.2 KBytes
9,50.00-51.00,2.17 MBytes,18.2 Mbits/sec,0,62.2 KBytes
11,50.00-51.00,1.86 MBytes,15.6 Mbits/sec,0,58.0 KBytes
13,50.00-51.00,1.74 MBytes,14.6 Mbits/sec,0,56.6 KBytes
7,51.00-52.00,1.86 MBytes,15.6 Mbits/sec,0,82.0 KBytes
9,51.00-52.00,1.86 MBytes,15.6 Mbits/sec,0,82.0 KBytes
11,51.00-52.00,1.86 MBytes,15.6 Mbits/sec,0,79.2 KBytes
13,51.00-52.00,1.74 MBytes,14.6 Mbits/sec,0,76.4 KBytes
7,52.00-53.00,2.17 MBytes,18.2 Mbits/sec,0,99.0 KBytes
9,52.00-53.00,1.86 MBytes,15.6 Mbits/sec,0,99.0 KBytes
11,52.00-53.00,2.17 MBytes,18.2 Mbits/sec,0,97.6 KBytes
13,52.00-53.00,1.99 MBytes,16.7 Mbits/sec,0,93.3 KBytes
7,53.00-54.00,2.17 MBytes,18.2 Mbits/sec,0,115 KBytes
9,53.00-54.00,2.17 MBytes,18.2 Mbits/sec,0,115 KBytes
11,53.00-54.00,1.86 MBytes,15.6 Mbits/sec,0,112 KBytes
13,53.00-54.00,1.99 MBytes,16.7 Mbits/sec,0,107 KBytes
7,54.00-55.00,1.86 MBytes,15.6 Mbits/sec,0,127 KBytes
9,54.00-55.00,1.86 MBytes,15.6 Mbits/sec,0,127 KBytes
11,54.00-55.00,1.86 MBytes,15.6 Mbits/sec,0,124 KBytes
13,54.00-55.00,1.99 MBytes,16.7 Mbits/sec,0,122 KBytes
7,55.00-56.00,2.17 MBytes,18.2 Mbits/sec,0,140 KBytes
9,55.00-56.00,2.17 MBytes,18.2 Mbits/sec,0,140 KBytes
11,55.00-56.00,2.17 MBytes,18.2 Mbits/sec,0,137 KBytes
13,55.00-56.00,1.99 MBytes,16.7 Mbits/sec,0,133 KBytes
7,56.00-57.00,2.17 MBytes,18.2 Mbits/sec,0,120 KBytes
9,56.00-57.00,2.24 MBytes,18.8 Mbits/sec,18,119 KBytes
11,56.00-57.00,2.17 MBytes,18.2 Mbits/sec,2,116 KBytes
13,56.00-57.00,1.86 MBytes,15.6 Mbits/sec,44,115 KBytes
7,57.00-58.00,2.17 MBytes,18.2 Mbits/sec,0,134 KBytes
9,57.00-58.00,2.17 MBytes,18.2 Mbits/sec,0,134 KBytes
11,57.00-58.00,1.86 MBytes,15.6 Mbits/sec,0,90.5 KBytes
13,57.00-58.00,2.17 MBytes,18.2 Mbits/sec,0,129 KBytes
7,58.00-59.00,2.49 MBytes,20.8 Mbits/sec,0,83.4 KBytes
9,58.00-59.00,2.24 MBytes,18.8 Mbits/sec,3,83.4 KBytes
11,58.00-59.00,1.86 MBytes,15.6 Mbits/sec,0,63.6 KBytes
13,58.00-59.00,2.17 MBytes,18.2 Mbits/sec,0,80.6 KBytes
7,59.00-60.00,2.17 MBytes,18.3 Mbits/sec,0,102 KBytes
9,59.00-60.00,2.49 MBytes,20.9 Mbits/sec,0,102 KBytes
11,59.00-60.00,1.86 MBytes,15.6 Mbits/sec,0,82.0 KBytes
13,59.00-60.00,2.49 MBytes,20.9 Mbits/sec,0,99.0 KBytes
7,60.00-61.00,2.17 MBytes,18.2 Mbits/sec,0,117 KBytes
9,60.00-61.00,2.17 MBytes,18.2 Mbits/sec,0,117 KBytes
11,60.00-61.00,1.86 MBytes,15.6 Mbits/sec,0,97.6 KBytes
13,60.00-61.00,1.86 MBytes,15.6 Mbits/sec,0,115 KBytes
7,61.00-62.00,2.17 MBytes,18.2 Mbits/sec,31,66.5 KBytes
9,61.00-62.00,2.49 MBytes,20.8 Mbits/sec,0,96.2 KBytes
11,61.00-62.00,1.86 MBytes,15.6 Mbits/sec,0,80.6 KBytes
13,61.00-62.00,2.49 MBytes,20.8 Mbits/sec,0,93.3 KBytes
7,62.00-63.00,1.86 MBytes,15.6 Mbits/sec,0,63.6 KBytes
9,62.00-63.00,2.49 MBytes,20.9 Mbits/sec,0,83.4 KBytes
11,62.00-63.00,2.17 MBytes,18.3 Mbits/sec,0,72.1 KBytes
13,62.00-63.00,2.49 MBytes,20.9 Mbits/sec,0,82.0 KBytes
7,63.00-64.00,1.86 MBytes,15.6 Mbits/sec,0,83.4 KBytes
9,63.00-64.00,2.49 MBytes,20.8 Mbits/sec,0,103 KBytes
11,63.00-64.00,2.17 MBytes,18.2 Mbits/sec,0,93.3 KBytes
13,63.00-64.00,2.49 MBytes,20.8 Mbits/sec,0,102 KBytes
7,64.00-65.00,1.86 MBytes,15.6 Mbits/sec,0,99.0 KBytes
9,64.00-65.00,2.17 MBytes,18.3 Mbits/sec,0,120 KBytes
11,64.00-65.00,2.17 MBytes,18.3 Mbits/sec,0,109 KBytes
13,64.00-65.00,2.49 MBytes,20.9 Mbits/sec,0,119 KBytes
7,65.00-66.00,1.24 MBytes,10.4 Mbits/sec,10,59.4 KBytes
9,65.00-66.00,2.17 MBytes,18.2 Mbits/sec,0,105 KBytes
11,65.00-66.00,1.86 MBytes,15.6 Mbits/sec,0,94.7 KBytes
13,65.00-66.00,1.86 MBytes,15.6 Mbits/sec,2,70.7 KBytes
7,66.00-67.00,954 KBytes,7.82 Mbits/sec,2,55.1 KBytes
9,66.00-67.00,1.93 MBytes,16.2 Mbits/sec,7,59.4 KBytes
11,66.00-67.00,1.86 MBytes,15.6 Mbits/sec,0,106 KBytes
13,66.00-67.00,1.55 MBytes,13.0 Mbits/sec,0,84.8 KBytes
7,67.00-68.00,1.24 MBytes,10.4 Mbits/sec,0,67.9 KBytes
9,67.00-68.00,954 KBytes,7.82 Mbits/sec,8,35.4 KBytes
11,67.00-68.00,2.17 MBytes,18.2 Mbits/sec,0,119 KBytes
13,67.00-68.00,1.55 MBytes,13.0 Mbits/sec,0,100 KBytes
7,68.00-69.00,1.30 MBytes,10.9 Mbits/sec,5,55.1 KBytes
9,68.00-69.00,636 KBytes,5.21 Mbits/sec,0,45.2 KBytes
11,68.00-69.00,2.17 MBytes,18.2 Mbits/sec,0,132 KBytes
13,68.00-69.00,1.86 MBytes,15.6 Mbits/sec,0,112 KBytes
7,69.00-70.00,1.24 MBytes,10.4 Mbits/sec,2,50.9 KBytes
9,69.00-70.00,954 KBytes,7.82 Mbits/sec,2,42.4 KBytes
11,69.00-70.00,2.24 MBytes,18.8 Mbits/sec,25,109 KBytes
13,69.00-70.00,1.86 MBytes,15.6 Mbits/sec,7,65.0 KBytes
7,70.00-71.00,1.55 MBytes,13.0 Mbits/sec,0,70.7 KBytes
9,70.00-71.00,1.24 MBytes,10.4 Mbits/sec,2,42.4 KBytes
11,70.00-71.00,3.11 MBytes,26.1 Mbits/sec,0,127 KBytes
13,70.00-71.00,1.86 MBytes,15.6 Mbits/sec,6,59.4 KBytes
7,71.00-72.00,2.17 MBytes,18.3 Mbits/sec,0,91.9 KBytes
9,71.00-72.00,1.24 MBytes,10.4 Mbits/sec,2,46.7 KBytes
11,71.00-72.00,2.73 MBytes,22.9 Mbits/sec,4,73.5 KBytes
13,71.00-72.00,1.86 MBytes,15.6 Mbits/sec,2,53.7 KBytes
7,72.00-73.00,2.80 MBytes,23.5 Mbits/sec,43,77.8 KBytes
9,72.00-73.00,1.55 MBytes,13.0 Mbits/sec,26,46.7 KBytes
11,72.00-73.00,2.17 MBytes,18.2 Mbits/sec,19,66.5 KBytes
13,72.00-73.00,1.86 MBytes,15.6 Mbits/sec,10,50.9 KBytes
7,73.00-74.00,2.49 MBytes,20.9 Mbits/sec,0,99.0 KBytes
9,73.00-74.00,1.55 MBytes,13.0 Mbits/sec,0,66.5 KBytes
11,73.00-74.00,2.17 MBytes,18.2 Mbits/sec,0,87.7 KBytes
13,73.00-74.00,1.55 MBytes,13.0 Mbits/sec,0,72.1 KBytes
7,74.00-75.00,1.86 MBytes,15.6 Mbits/sec,0,80.6 KBytes
9,74.00-75.00,1.55 MBytes,13.0 Mbits/sec,0,82.0 KBytes
11,74.00-75.00,1.55 MBytes,13.0 Mbits/sec,0,72.1 KBytes
13,74.00-75.00,1.24 MBytes,10.4 Mbits/sec,0,63.6 KBytes
7,75.00-76.00,954 KBytes,7.82 Mbits/sec,0,90.5 KBytes
9,75.00-76.00,954 KBytes,7.82 Mbits/sec,0,91.9 KBytes
11,75.00-76.00,954 KBytes,7.82 Mbits/sec,0,82.0 KBytes
13,75.00-76.00,954 KBytes,7.82 Mbits/sec,0,73.5 KBytes
7,76.00-77.00,1.24 MBytes,10.4 Mbits/sec,0,33.9 KBytes
9,76.00-77.00,1.24 MBytes,10.4 Mbits/sec,0,41.0 KBytes
11,76.00-77.00,1.24 MBytes,10.4 Mbits/sec,0,46.7 KBytes
13,76.00-77.00,954 KBytes,7.82 Mbits/sec,0,35.4 KBytes
7,77.00-78.00,1.55 MBytes,13.0 Mbits/sec,3,38.2 KBytes
9,77.00-78.00,1.55 MBytes,13.0 Mbits/sec,11,35.4 KBytes
11,77.00-78.00,1.24 MBytes,10.4 Mbits/sec,11,28.3 KBytes
13,77.00-78.00,1.24 MBytes,10.4 Mbits/sec,2,35.4 KBytes
7,78.00-79.00,2.17 MBytes,18.2 Mbits/sec,0,49.5 KBytes
9,78.00-79.00,1.86 MBytes,15.6 Mbits/sec,0,35.4 KBytes
11,78.00-79.00,1.86 MBytes,15.6 Mbits/sec,0,42.4 KBytes
13,78.00-79.00,1.86 MBytes,15.6 Mbits/sec,0,35.4 KBytes
7,79.00-80.00,2.17 MBytes,18.2 Mbits/sec,0,25.5 KBytes
9,79.00-80.00,1.24 MBytes,10.4 Mbits/sec,16,14.1 KBytes
11,79.00-80.00,1.86 MBytes,15.6 Mbits/sec,7,22.6 KBytes
13,79.00-80.00,1.55 MBytes,13.0 Mbits/sec,9,21.2 KBytes
7,80.00-81.00,1.86 MBytes,15.6 Mbits/sec,0,60.8 KBytes
9,80.00-81.00,1.55 MBytes,13.0 Mbits/sec,0,48.1 KBytes
11,80.00-81.00,1.55 MBytes,13.0 Mbits/sec,0,49.5 KBytes
13,80.00-81.00,1.55 MBytes,13.0 Mbits/sec,0,55.1 KBytes
7,81.00-82.00,1.86 MBytes,15.6 Mbits/sec,0,82.0 KBytes
9,81.00-82.00,1.55 MBytes,13.0 Mbits/sec,0,69.3 KBytes
11,81.00-82.00,1.55 MBytes,13.0 Mbits/sec,0,70.7 KBytes
13,81.00-82.00,1.86 MBytes,15.6 Mbits/sec,0,76.4 KBytes
7,82.00-83.00,2.17 MBytes,18.2 Mbits/sec,0,99.0 KBytes
9,82.00-83.00,1.55 MBytes,13.0 Mbits/sec,0,86.3 KBytes
11,82.00-83.00,1.86 MBytes,15.6 Mbits/sec,0,87.7 KBytes
13,82.00-83.00,1.86 MBytes,15.6 Mbits/sec,0,93.3 KBytes
7,83.00-84.00,1.86 MBytes,15.6 Mbits/sec,0,113 KBytes
9,83.00-84.00,1.55 MBytes,13.0 Mbits/sec,0,100 KBytes
11,83.00-84.00,1.55 MBytes,13.0 Mbits/sec,0,102 KBytes
13,83.00-84.00,1.86 MBytes,15.6 Mbits/sec,0,107 KBytes
7,84.00-85.00,1.86 MBytes,15.6 Mbits/sec,0,124 KBytes
9,84.00-85.00,1.86 MBytes,15.6 Mbits/sec,0,112 KBytes
11,84.00-85.00,1.86 MBytes,15.6 Mbits/sec,0,115 KBytes
13,84.00-85.00,1.55 MBytes,13.0 Mbits/sec,0,87.7 KBytes
7,85.00-86.00,1.86 MBytes,15.6 Mbits/sec,0,136 KBytes
9,85.00-86.00,1.55 MBytes,13.0 Mbits/sec,0,123 KBytes
11,85.00-86.00,1.55 MBytes,13.0 Mbits/sec,0,124 KBytes
13,85.00-86.00,1.55 MBytes,13.0 Mbits/sec,0,106 KBytes
7,86.00-87.00,2.80 MBytes,23.5 Mbits/sec,0,150 KBytes
9,86.00-87.00,2.17 MBytes,18.3 Mbits/sec,0,102 KBytes
11,86.00-87.00,2.17 MBytes,18.3 Mbits/sec,0,100 KBytes
13,86.00-87.00,1.86 MBytes,15.6 Mbits/sec,0,84.8 KBytes
7,87.00-88.00,3.29 MBytes,27.6 Mbits/sec,0,167 KBytes
9,87.00-88.00,2.17 MBytes,18.2 Mbits/sec,0,120 KBytes
11,87.00-88.00,2.17 MBytes,18.2 Mbits/sec,0,120 KBytes
13,87.00-88.00,1.86 MBytes,15.6 Mbits/sec,0,100 KBytes
7,88.00-89.00,3.36 MBytes,28.1 Mbits/sec,0,87.7 KBytes
9,88.00-89.00,2.49 MBytes,20.9 Mbits/sec,0,79.2 KBytes
11,88.00-89.00,2.49 MBytes,20.9 Mbits/sec,0,67.9 KBytes
13,88.00-89.00,1.86 MBytes,15.6 Mbits/sec,0,62.2 KBytes
7,89.00-90.00,2.98 MBytes,25.0 Mbits/sec,0,97.6 KBytes
9,89.00-90.00,2.86 MBytes,24.0 Mbits/sec,1,76.4 KBytes
11,89.00-90.00,2.49 MBytes,20.9 Mbits/sec,0,80.6 KBytes
13,89.00-90.00,2.17 MBytes,18.2 Mbits/sec,0,72.1 KBytes
7,90.00-91.00,2.24 MBytes,18.8 Mbits/sec,0,116 KBytes
9,90.00-91.00,2.17 MBytes,18.2 Mbits/sec,0,94.7 KBytes
11,90.00-91.00,2.17 MBytes,18.2 Mbits/sec,0,99.0 KBytes
13,90.00-91.00,1.86 MBytes,15.6 Mbits/sec,0,90.5 KBytes
7,91.00-92.00,2.24 MBytes,18.8 Mbits/sec,1,42.4 KBytes
9,91.00-92.00,1.24 MBytes,10.4 Mbits/sec,0,36.8 KBytes
11,91.00-92.00,1.86 MBytes,15.6 Mbits/sec,7,79.2 KBytes
13,91.00-92.00,1.55 MBytes,13.0 Mbits/sec,0,49.5 KBytes
7,92.00-93.00,1.12 MBytes,9.38 Mbits/sec,0,33.9 KBytes
9,92.00-93.00,1.24 MBytes,10.4 Mbits/sec,5,32.5 KBytes
11,92.00-93.00,2.49 MBytes,20.8 Mbits/sec,6,46.7 KBytes
13,92.00-93.00,2.49 MBytes,20.8 Mbits/sec,8,46.7 KBytes
7,93.00-94.00,2.24 MBytes,18.8 Mbits/sec,0,66.5 KBytes
9,93.00-94.00,1.55 MBytes,13.0 Mbits/sec,0,52.3 KBytes
11,93.00-94.00,2.80 MBytes,23.5 Mbits/sec,0,79.2 KBytes
13,93.00-94.00,2.49 MBytes,20.9 Mbits/sec,0,77.8 KBytes
7,94.00-95.00,1.86 MBytes,15.6 Mbits/sec,0,67.9 KBytes
9,94.00-95.00,1.55 MBytes,13.0 Mbits/sec,0,55.1 KBytes
11,94.00-95.00,2.17 MBytes,18.2 Mbits/sec,0,74.9 KBytes
13,94.00-95.00,2.49 MBytes,20.9 Mbits/sec,0,74.9 KBytes
7,95.00-96.00,2.61 MBytes,21.9 Mbits/sec,0,28.3 KBytes
9,95.00-96.00,2.17 MBytes,18.2 Mbits/sec,0,28.3 KBytes
11,95.00-96.00,3.42 MBytes,28.7 Mbits/sec,0,35.4 KBytes
13,95.00-96.00,2.49 MBytes,20.9 Mbits/sec,0,32.5 KBytes
7,96.00-97.00,1.86 MBytes,15.6 Mbits/sec,10,43.8 KBytes
9,96.00-97.00,2.17 MBytes,18.2 Mbits/sec,5,49.5 KBytes
11,96.00-97.00,1.86 MBytes,15.6 Mbits/sec,4,43.8 KBytes
13,96.00-97.00,2.80 MBytes,23.5 Mbits/sec,9,59.4 KBytes
7,97.00-98.00,2.61 MBytes,21.9 Mbits/sec,3,18.4 KBytes
9,97.00-98.00,2.49 MBytes,20.9 Mbits/sec,2,25.5 KBytes
11,97.00-98.00,2.17 MBytes,18.2 Mbits/sec,9,22.6 KBytes
13,97.00-98.00,2.49 MBytes,20.9 Mbits/sec,11,18.4 KBytes
7,98.00-99.00,1.86 MBytes,15.6 Mbits/sec,7,33.9 KBytes
9,98.00-99.00,1.86 MBytes,15.6 Mbits/sec,0,31.1 KBytes
11,98.00-99.00,2.17 MBytes,18.2 Mbits/sec,3,35.4 KBytes
13,98.00-99.00,1.86 MBytes,15.6 Mbits/sec,3,35.4 KBytes
7,99.00-100.00,1.86 MBytes,15.6 Mbits/sec,0,65.0 KBytes
9,99.00-100.00,1.86 MBytes,15.6 Mbits/sec,0,60.8 KBytes
11,99.00-100.00,2.17 MBytes,18.2 Mbits/sec,0,66.5 KBytes
13,99.00-100.00,1.86 MBytes,15.6 Mbits/sec,0,65.0 KBytes
7,100.00-101.00,1.86 MBytes,15.6 Mbits/sec,0,83.4 KBytes
9,100.00-101.00,1.86 MBytes,15.6 Mbits/sec,0,80.6 KBytes
11,100.00-101.00,1.55 MBytes,13.0 Mbits/sec,0,62.2 KBytes
13,100.00-101.00,2.17 MBytes,18.2 Mbits/sec,0,84.8 KBytes
7,101.00-102.00,2.24 MBytes,18.8 Mbits/sec,0,100 KBytes
9,101.00-102.00,1.86 MBytes,15.6 Mbits/sec,0,96.2 KBytes
11,101.00-102.00,1.55 MBytes,13.0 Mbits/sec,0,77.8 KBytes
13,101.00-102.00,1.86 MBytes,15.6 Mbits/sec,0,100 KBytes
7,102.00-103.00,2.24 MBytes,18.8 Mbits/sec,0,66.5 KBytes
9,102.00-103.00,2.49 MBytes,20.9 Mbits/sec,0,65.0 KBytes
11,102.00-103.00,1.55 MBytes,13.0 Mbits/sec,16,55.1 KBytes
13,102.00-103.00,1.86 MBytes,15.6 Mbits/sec,40,49.5 KBytes
7,103.00-104.00,2.61 MBytes,21.9 Mbits/sec,0,90.5 KBytes
9,103.00-104.00,2.17 MBytes,18.2 Mbits/sec,0,89.1 KBytes
11,103.00-104.00,2.17 MBytes,18.2 Mbits/sec,0,79.2 KBytes
13,103.00-104.00,1.86 MBytes,15.6 Mbits/sec,0,73.5 KBytes
7,104.00-105.00,2.61 MBytes,21.9 Mbits/sec,0,63.6 KBytes
9,104.00-105.00,2.49 MBytes,20.9 Mbits/sec,0,65.0 KBytes
11,104.00-105.00,2.49 MBytes,20.9 Mbits/sec,0,58.0 KBytes
13,104.00-105.00,2.17 MBytes,18.2 Mbits/sec,0,55.1 KBytes
7,105.00-106.00,2.98 MBytes,25.0 Mbits/sec,16,70.7 KBytes
9,105.00-106.00,2.49 MBytes,20.9 Mbits/sec,54,67.9 KBytes
11,105.00-106.00,2.17 MBytes,18.2 Mbits/sec,43,48.1 KBytes
13,105.00-106.00,2.49 MBytes,20.9 Mbits/sec,17,48.1 KBytes
7,106.00-107.00,2.98 MBytes,25.0 Mbits/sec,9,14.1 KBytes
9,106.00-107.00,2.17 MBytes,18.2 Mbits/sec,2,11.3 KBytes
11,106.00-107.00,1.86 MBytes,15.6 Mbits/sec,0,11.3 KBytes
13,106.00-107.00,1.86 MBytes,15.6 Mbits/sec,1,11.3 KBytes
7,107.00-108.00,1.49 MBytes,12.5 Mbits/sec,0,7.07 KBytes
9,107.00-108.00,1.55 MBytes,13.0 Mbits/sec,9,8.48 KBytes
11,107.00-108.00,1.55 MBytes,13.0 Mbits/sec,4,17.0 KBytes
13,107.00-108.00,1.55 MBytes,13.0 Mbits/sec,2,5.66 KBytes
7,108.00-109.00,1.49 MBytes,12.5 Mbits/sec,0,38.2 KBytes
9,108.00-109.00,1.24 MBytes,10.4 Mbits/sec,0,38.2 KBytes
11,108.00-109.00,1.55 MBytes,13.0 Mbits/sec,0,39.6 KBytes
13,108.00-109.00,1.55 MBytes,13.0 Mbits/sec,0,38.2 KBytes
7,109.00-110.00,1.86 MBytes,15.6 Mbits/sec,0,18.4 KBytes
9,109.00-110.00,2.17 MBytes,18.2 Mbits/sec,12,21.2 KBytes
11,109.00-110.00,1.86 MBytes,15.6 Mbits/sec,6,19.8 KBytes
13,109.00-110.00,1.55 MBytes,13.0 Mbits/sec,4,17.0 KBytes
7,110.00-111.00,1.49 MBytes,12.5 Mbits/sec,10,45.2 KBytes
9,110.00-111.00,2.17 MBytes,18.2 Mbits/sec,0,62.2 KBytes
11,110.00-111.00,2.17 MBytes,18.2 Mbits/sec,0,62.2 KBytes
13,110.00-111.00,2.17 MBytes,18.2 Mbits/sec,0,59.4 KBytes
7,111.00-112.00,1.86 MBytes,15.6 Mbits/sec,0,66.5 KBytes
9,111.00-112.00,2.17 MBytes,18.3 Mbits/sec,0,84.8 KBytes
11,111.00-112.00,2.17 MBytes,18.3 Mbits/sec,0,84.8 KBytes
13,111.00-112.00,2.17 MBytes,18.3 Mbits/sec,0,82.0 KBytes
7,112.00-113.00,1.86 MBytes,15.6 Mbits/sec,0,86.3 KBytes
9,112.00-113.00,2.49 MBytes,20.9 Mbits/sec,0,105 KBytes
11,112.00-113.00,2.49 MBytes,20.9 Mbits/sec,0,105 KBytes
13,112.00-113.00,2.17 MBytes,18.2 Mbits/sec,0,102 KBytes
7,113.00-114.00,2.24 MBytes,18.8 Mbits/sec,0,106 KBytes
9,113.00-114.00,2.80 MBytes,23.5 Mbits/sec,0,123 KBytes
11,113.00-114.00,2.49 MBytes,20.9 Mbits/sec,4,89.1 KBytes
13,113.00-114.00,2.49 MBytes,20.9 Mbits/sec,7,87.7 KBytes
7,114.00-115.00,1.86 MBytes,15.6 Mbits/sec,54,33.9 KBytes
9,114.00-115.00,2.17 MBytes,18.2 Mbits/sec,61,38.2 KBytes
11,114.00-115.00,1.55 MBytes,13.0 Mbits/sec,41,35.4 KBytes
13,114.00-115.00,1.55 MBytes,13.0 Mbits/sec,33,33.9 KBytes
7,115.00-116.00,1.49 MBytes,12.5 Mbits/sec,0,59.4 KBytes
9,115.00-116.00,1.86 MBytes,15.6 Mbits/sec,0,65.0 KBytes
11,115.00-116.00,1.86 MBytes,15.6 Mbits/sec,0,60.8 KBytes
13,115.00-116.00,1.55 MBytes,13.0 Mbits/sec,0,59.4 KBytes
7,116.00-117.00,1.12 MBytes,9.38 Mbits/sec,6,56.6 KBytes
9,116.00-117.00,1.55 MBytes,13.0 Mbits/sec,0,83.4 KBytes
11,116.00-117.00,1.55 MBytes,13.0 Mbits/sec,0,79.2 KBytes
13,116.00-117.00,1.86 MBytes,15.6 Mbits/sec,0,77.8 KBytes
7,117.00-118.00,1.49 MBytes,12.5 Mbits/sec,0,74.9 KBytes
9,117.00-118.00,2.17 MBytes,18.3 Mbits/sec,0,102 KBytes
11,117.00-118.00,2.17 MBytes,18.3 Mbits/sec,0,99.0 KBytes
13,117.00-118.00,1.86 MBytes,15.6 Mbits/sec,0,96.2 KBytes
7,118.00-119.00,1.49 MBytes,12.5 Mbits/sec,0,87.7 KBytes
9,118.00-119.00,2.17 MBytes,18.2 Mbits/sec,0,116 KBytes
11,118.00-119.00,1.86 MBytes,15.6 Mbits/sec,0,112 KBytes
13,118.00-119.00,1.86 MBytes,15.6 Mbits/sec,0,110 KBytes
7,119.00-120.00,1.86 MBytes,15.6 Mbits/sec,0,70.7 KBytes
9,119.00-120.00,1.86 MBytes,15.6 Mbits/sec,0,63.6 KBytes
11,119.00-120.00,2.17 MBytes,18.2 Mbits/sec,0,87.7 KBytes
13,119.00-120.00,1.86 MBytes,15.6 Mbits/sec,0,59.4 KBytes
7,120.00-121.00,2.24 MBytes,18.8 Mbits/sec,0,63.6 KBytes
9,120.00-121.00,2.17 MBytes,18.2 Mbits/sec,0,59.4 KBytes
11,120.00-121.00,3.11 MBytes,26.1 Mbits/sec,0,76.4 KBytes
13,120.00-121.00,2.17 MBytes,18.2 Mbits/sec,0,56.6 KBytes
7,121.00-122.00,2.24 MBytes,18.8 Mbits/sec,0,60.8 KBytes
9,121.00-122.00,2.17 MBytes,18.2 Mbits/sec,0,58.0 KBytes
11,121.00-122.00,2.49 MBytes,20.9 Mbits/sec,0,66.5 KBytes
13,121.00-122.00,2.17 MBytes,18.2 Mbits/sec,0,58.0 KBytes
7,122.00-123.00,2.24 MBytes,18.8 Mbits/sec,12,18.4 KBytes
9,122.00-123.00,2.17 MBytes,18.2 Mbits/sec,13,25.5 KBytes
11,122.00-123.00,2.17 MBytes,18.2 Mbits/sec,1,25.5 KBytes
13,122.00-123.00,1.86 MBytes,15.6 Mbits/sec,6,22.6 KBytes
7,123.00-124.00,1.12 MBytes,9.39 Mbits/sec,0,29.7 KBytes
9,123.00-124.00,1.86 MBytes,15.6 Mbits/sec,0,35.4 KBytes
11,123.00-124.00,1.86 MBytes,15.6 Mbits/sec,0,28.3 KBytes
13,123.00-124.00,1.24 MBytes,10.4 Mbits/sec,0,22.6 KBytes
7,124.00-125.00,1.86 MBytes,15.6 Mbits/sec,0,53.7 KBytes
9,124.00-125.00,1.55 MBytes,13.0 Mbits/sec,0,46.7 KBytes
11,124.00-125.00,1.86 MBytes,15.6 Mbits/sec,0,49.5 KBytes
13,124.00-125.00,2.17 MBytes,18.2 Mbits/sec,0,60.8 KBytes
7,125.00-126.00,1.49 MBytes,12.5 Mbits/sec,4,58.0 KBytes
9,125.00-126.00,1.86 MBytes,15.6 Mbits/sec,0,70.7 KBytes
11,125.00-126.00,1.86 MBytes,15.6 Mbits/sec,0,73.5 KBytes
13,125.00-126.00,1.86 MBytes,15.6 Mbits/sec,2,59.4 KBytes
7,126.00-127.00,1.86 MBytes,15.6 Mbits/sec,0,59.4 KBytes
9,126.00-127.00,1.86 MBytes,15.6 Mbits/sec,0,69.3 KBytes
11,126.00-127.00,1.86 MBytes,15.6 Mbits/sec,0,72.1 KBytes
13,126.00-127.00,2.17 MBytes,18.2 Mbits/sec,0,80.6 KBytes
7,127.00-128.00,1.49 MBytes,12.5 Mbits/sec,0,79.2 KBytes
9,127.00-128.00,1.86 MBytes,15.6 Mbits/sec,0,87.7 KBytes
11,127.00-128.00,2.17 MBytes,18.2 Mbits/sec,0,90.5 KBytes
13,127.00-128.00,2.17 MBytes,18.2 Mbits/sec,0,100 KBytes
7,128.00-129.00,1.86 MBytes,15.6 Mbits/sec,0,56.6 KBytes
9,128.00-129.00,2.17 MBytes,18.2 Mbits/sec,0,80.6 KBytes
11,128.00-129.00,1.86 MBytes,15.6 Mbits/sec,0,62.2 KBytes
13,128.00-129.00,2.80 MBytes,23.5 Mbits/sec,0,90.5 KBytes
7,129.00-130.00,1.49 MBytes,12.5 Mbits/sec,0,76.4 KBytes
9,129.00-130.00,2.49 MBytes,20.9 Mbits/sec,0,99.0 KBytes
11,129.00-130.00,1.55 MBytes,13.0 Mbits/sec,0,82.0 KBytes
13,129.00-130.00,2.49 MBytes,20.9 Mbits/sec,0,109 KBytes
7,130.00-131.00,2.24 MBytes,18.8 Mbits/sec,0,94.7 KBytes
9,130.00-131.00,2.49 MBytes,20.9 Mbits/sec,0,117 KBytes
11,130.00-131.00,2.17 MBytes,18.2 Mbits/sec,0,100 KBytes
13,130.00-131.00,2.80 MBytes,23.5 Mbits/sec,0,127 KBytes
7,131.00-132.00,2.24 MBytes,18.8 Mbits/sec,0,67.9 KBytes
9,131.00-132.00,3.17 MBytes,26.6 Mbits/sec,5,77.8 KBytes
11,131.00-132.00,2.80 MBytes,23.5 Mbits/sec,9,70.7 KBytes
13,131.00-132.00,1.99 MBytes,16.7 Mbits/sec,3,49.5 KBytes
7,132.00-133.00,2.61 MBytes,21.9 Mbits/sec,0,90.5 KBytes
9,132.00-133.00,2.49 MBytes,20.9 Mbits/sec,0,102 KBytes
11,132.00-133.00,2.49 MBytes,20.9 Mbits/sec,0,93.3 KBytes
13,132.00-133.00,1.86 MBytes,15.6 Mbits/sec,0,73.5 KBytes
7,133.00-134.00,2.24 MBytes,18.8 Mbits/sec,0,107 KBytes
9,133.00-134.00,2.49 MBytes,20.9 Mbits/sec,2,86.3 KBytes
11,133.00-134.00,2.17 MBytes,18.2 Mbits/sec,0,110 KBytes
13,133.00-134.00,1.86 MBytes,15.6 Mbits/sec,0,90.5 KBytes
7,134.00-135.00,1.86 MBytes,15.6 Mbits/sec,4,94.7 KBytes
9,134.00-135.00,1.86 MBytes,15.6 Mbits/sec,0,105 KBytes
11,134.00-135.00,2.17 MBytes,18.2 Mbits/sec,13,90.5 KBytes
13,134.00-135.00,1.86 MBytes,15.6 Mbits/sec,0,106 KBytes
7,135.00-136.00,1.49 MBytes,12.5 Mbits/sec,0,106 KBytes
9,135.00-136.00,1.86 MBytes,15.6 Mbits/sec,0,113 KBytes
11,135.00-136.00,1.30 MBytes,10.9 Mbits/sec,20,73.5 KBytes
13,135.00-136.00,1.86 MBytes,15.6 Mbits/sec,0,119 KBytes
7,136.00-137.00,1.49 MBytes,12.5 Mbits/sec,0,112 KBytes
9,136.00-137.00,1.55 MBytes,13.0 Mbits/sec,0,122 KBytes
11,136.00-137.00,954 KBytes,7.82 Mbits/sec,0,84.8 KBytes
13,136.00-137.00,1.86 MBytes,15.6 Mbits/sec,0,129 KBytes
7,137.00-138.00,1.49 MBytes,12.5 Mbits/sec,0,120 KBytes
9,137.00-138.00,1.55 MBytes,13.0 Mbits/sec,0,130 KBytes
11,137.00-138.00,1.24 MBytes,10.4 Mbits/sec,0,93.3 KBytes
13,137.00-138.00,1.55 MBytes,13.0 Mbits/sec,0,139 KBytes
7,138.00-139.00,2.24 MBytes,18.8 Mbits/sec,0,133 KBytes
9,138.00-139.00,2.17 MBytes,18.2 Mbits/sec,0,144 KBytes
11,138.00-139.00,1.55 MBytes,13.0 Mbits/sec,0,106 KBytes
13,138.00-139.00,2.49 MBytes,20.8 Mbits/sec,0,151 KBytes
7,139.00-140.00,2.24 MBytes,18.8 Mbits/sec,0,146 KBytes
9,139.00-140.00,2.49 MBytes,20.9 Mbits/sec,0,156 KBytes
11,139.00-140.00,1.86 MBytes,15.6 Mbits/sec,0,119 KBytes
13,139.00-140.00,2.55 MBytes,21.4 Mbits/sec,0,170 KBytes
7,140.00-141.00,1.86 MBytes,15.6 Mbits/sec,0,157 KBytes
9,140.00-141.00,2.36 MBytes,19.8 Mbits/sec,0,167 KBytes
11,140.00-141.00,1.86 MBytes,15.6 Mbits/sec,0,130 KBytes
13,140.00-141.00,3.42 MBytes,28.7 Mbits/sec,0,247 KBytes
7,141.00-142.00,1.93 MBytes,16.2 Mbits/sec,75,42.4 KBytes
9,141.00-142.00,2.30 MBytes,19.3 Mbits/sec,86,60.8 KBytes
11,141.00-142.00,1.24 MBytes,10.4 Mbits/sec,73,35.4 KBytes
13,141.00-142.00,3.36 MBytes,28.1 Mbits/sec,172,70.7 KBytes
7,142.00-143.00,1.86 MBytes,15.6 Mbits/sec,0,69.3 KBytes
9,142.00-143.00,2.61 MBytes,21.9 Mbits/sec,0,87.7 KBytes
11,142.00-143.00,1.86 MBytes,15.6 Mbits/sec,0,60.8 KBytes
13,142.00-143.00,2.80 MBytes,23.4 Mbits/sec,0,97.6 KBytes
7,143.00-144.00,1.86 MBytes,15.6 Mbits/sec,0,87.7 KBytes
9,143.00-144.00,2.24 MBytes,18.8 Mbits/sec,0,106 KBytes
11,143.00-144.00,1.55 MBytes,13.0 Mbits/sec,0,79.2 KBytes
13,143.00-144.00,2.24 MBytes,18.8 Mbits/sec,0,116 KBytes
7,144.00-145.00,1.86 MBytes,15.6 Mbits/sec,0,102 KBytes
9,144.00-145.00,2.24 MBytes,18.8 Mbits/sec,0,122 KBytes
11,144.00-145.00,1.55 MBytes,13.0 Mbits/sec,0,93.3 KBytes
13,144.00-145.00,2.80 MBytes,23.5 Mbits/sec,0,132 KBytes
7,145.00-146.00,1.86 MBytes,15.6 Mbits/sec,0,115 KBytes
9,145.00-146.00,2.24 MBytes,18.8 Mbits/sec,0,134 KBytes
11,145.00-146.00,1.86 MBytes,15.6 Mbits/sec,0,106 KBytes
13,145.00-146.00,2.24 MBytes,18.8 Mbits/sec,0,144 KBytes
7,146.00-147.00,1.86 MBytes,15.6 Mbits/sec,0,127 KBytes
9,146.00-147.00,2.24 MBytes,18.8 Mbits/sec,0,146 KBytes
11,146.00-147.00,1.55 MBytes,13.0 Mbits/sec,0,119 KBytes
13,146.00-147.00,2.24 MBytes,18.8 Mbits/sec,0,156 KBytes
7,147.00-148.00,1.86 MBytes,15.6 Mbits/sec,0,137 KBytes
9,147.00-148.00,1.86 MBytes,15.6 Mbits/sec,0,157 KBytes
11,147.00-148.00,1.86 MBytes,15.6 Mbits/sec,0,130 KBytes
13,147.00-148.00,2.24 MBytes,18.8 Mbits/sec,0,165 KBytes
7,148.00-149.00,1.86 MBytes,15.6 Mbits/sec,0,147 KBytes
9,148.00-149.00,2.24 MBytes,18.8 Mbits/sec,0,165 KBytes
11,148.00-149.00,1.55 MBytes,13.0 Mbits/sec,0,139 KBytes
13,148.00-149.00,2.24 MBytes,18.8 Mbits/sec,0,175 KBytes
7,149.00-150.00,1.49 MBytes,12.5 Mbits/sec,0,120 KBytes
9,149.00-150.00,2.24 MBytes,18.8 Mbits/sec,0,175 KBytes
11,149.00-150.00,1.55 MBytes,13.0 Mbits/sec,0,115 KBytes
13,149.00-150.00,2.24 MBytes,18.8 Mbits/sec,0,185 KBytes
7,150.00-151.00,1.86 MBytes,15.6 Mbits/sec,0,140 KBytes
9,150.00-151.00,2.73 MBytes,22.9 Mbits/sec,0,204 KBytes
11,150.00-151.00,1.86 MBytes,15.6 Mbits/sec,0,132 KBytes
13,150.00-151.00,2.80 MBytes,23.5 Mbits/sec,0,209 KBytes
7,151.00-152.00,1.86 MBytes,15.6 Mbits/sec,0,147 KBytes
9,151.00-152.00,3.48 MBytes,29.2 Mbits/sec,0,281 KBytes
11,151.00-152.00,1.55 MBytes,13.0 Mbits/sec,0,140 KBytes
13,151.00-152.00,2.80 MBytes,23.5 Mbits/sec,0,281 KBytes
7,152.00-153.00,1.49 MBytes,12.5 Mbits/sec,0,150 KBytes
9,152.00-153.00,3.36 MBytes,28.1 Mbits/sec,0,375 KBytes
11,152.00-153.00,1.55 MBytes,13.0 Mbits/sec,0,141 KBytes
13,152.00-153.00,3.91 MBytes,32.8 Mbits/sec,0,376 KBytes
7,153.00-154.00,1.49 MBytes,12.5 Mbits/sec,2,123 KBytes
9,153.00-154.00,4.23 MBytes,35.4 Mbits/sec,2,314 KBytes
11,153.00-154.00,1.30 MBytes,10.9 Mbits/sec,17,89.1 KBytes
13,153.00-154.00,3.23 MBytes,27.1 Mbits/sec,2,313 KBytes
7,154.00-155.00,1.49 MBytes,12.5 Mbits/sec,0,141 KBytes
9,154.00-155.00,3.23 MBytes,27.1 Mbits/sec,0,352 KBytes
11,154.00-155.00,954 KBytes,7.82 Mbits/sec,0,91.9 KBytes
13,154.00-155.00,4.04 MBytes,33.9 Mbits/sec,0,352 KBytes
7,155.00-156.00,1.49 MBytes,12.5 Mbits/sec,0,148 KBytes
9,155.00-156.00,4.04 MBytes,33.9 Mbits/sec,0,378 KBytes
11,155.00-156.00,954 KBytes,7.82 Mbits/sec,0,97.6 KBytes
13,155.00-156.00,4.04 MBytes,33.9 Mbits/sec,0,376 KBytes
7,156.00-157.00,1.49 MBytes,12.5 Mbits/sec,0,150 KBytes
9,156.00-157.00,4.04 MBytes,33.9 Mbits/sec,0,393 KBytes
11,156.00-157.00,1.24 MBytes,10.4 Mbits/sec,0,103 KBytes
13,156.00-157.00,4.04 MBytes,33.9 Mbits/sec,0,392 KBytes
7,157.00-158.00,1.12 MBytes,9.38 Mbits/sec,0,122 KBytes
9,157.00-158.00,4.04 MBytes,33.9 Mbits/sec,0,399 KBytes
11,157.00-158.00,636 KBytes,5.21 Mbits/sec,0,86.3 KBytes
13,157.00-158.00,3.23 MBytes,27.1 Mbits/sec,0,296 KBytes
7,158.00-159.00,1.49 MBytes,12.5 Mbits/sec,0,140 KBytes
9,158.00-159.00,4.04 MBytes,33.9 Mbits/sec,0,399 KBytes
11,158.00-159.00,954 KBytes,7.82 Mbits/sec,0,100 KBytes
13,158.00-159.00,2.42 MBytes,20.3 Mbits/sec,0,317 KBytes
7,159.00-160.00,1.12 MBytes,9.38 Mbits/sec,0,109 KBytes
9,159.00-160.00,3.23 MBytes,27.1 Mbits/sec,0,304 KBytes
11,159.00-160.00,954 KBytes,7.82 Mbits/sec,0,77.8 KBytes
13,159.00-160.00,3.23 MBytes,27.1 Mbits/sec,0,239 KBytes
7,160.00-161.00,1.12 MBytes,9.38 Mbits/sec,0,119 KBytes
9,160.00-161.00,3.23 MBytes,27.1 Mbits/sec,0,346 KBytes
11,160.00-161.00,954 KBytes,7.82 Mbits/sec,0,84.8 KBytes
13,160.00-161.00,2.42 MBytes,20.3 Mbits/sec,0,259 KBytes
7,161.00-162.00,1.49 MBytes,12.5 Mbits/sec,0,122 KBytes
9,161.00-162.00,3.23 MBytes,27.1 Mbits/sec,2,266 KBytes
11,161.00-162.00,954 KBytes,7.82 Mbits/sec,0,91.9 KBytes
13,161.00-162.00,2.42 MBytes,20.3 Mbits/sec,5,197 KBytes
7,162.00-163.00,1.86 MBytes,15.6 Mbits/sec,0,96.2 KBytes
9,162.00-163.00,4.85 MBytes,40.7 Mbits/sec,0,290 KBytes
11,162.00-163.00,1.55 MBytes,13.0 Mbits/sec,0,103 KBytes
13,162.00-163.00,3.23 MBytes,27.1 Mbits/sec,0,153 KBytes
7,163.00-164.00,1.49 MBytes,12.5 Mbits/sec,0,116 KBytes
9,163.00-164.00,4.04 MBytes,33.9 Mbits/sec,0,300 KBytes
11,163.00-164.00,1.55 MBytes,13.0 Mbits/sec,0,115 KBytes
13,163.00-164.00,2.42 MBytes,20.3 Mbits/sec,0,170 KBytes
7,164.00-165.00,1.49 MBytes,12.5 Mbits/sec,31,21.2 KBytes
9,164.00-165.00,4.04 MBytes,33.9 Mbits/sec,58,36.8 KBytes
11,164.00-165.00,1.24 MBytes,10.4 Mbits/sec,28,14.1 KBytes
13,164.00-165.00,2.42 MBytes,20.3 Mbits/sec,26,31.1 KBytes
7,165.00-166.00,1.12 MBytes,9.38 Mbits/sec,0,36.8 KBytes
9,165.00-166.00,827 KBytes,6.78 Mbits/sec,0,49.5 KBytes
11,165.00-166.00,954 KBytes,7.82 Mbits/sec,0,31.1 KBytes
13,165.00-166.00,1.62 MBytes,13.6 Mbits/sec,0,43.8 KBytes
7,166.00-167.00,1.49 MBytes,12.5 Mbits/sec,0,60.8 KBytes
9,166.00-167.00,2.42 MBytes,20.3 Mbits/sec,0,72.1 KBytes
11,166.00-167.00,1.24 MBytes,10.4 Mbits/sec,0,55.1 KBytes
13,166.00-167.00,1.62 MBytes,13.6 Mbits/sec,0,67.9 KBytes
7,167.00-168.00,1.49 MBytes,12.5 Mbits/sec,0,76.4 KBytes
9,167.00-168.00,1.62 MBytes,13.6 Mbits/sec,0,89.1 KBytes
11,167.00-168.00,1.24 MBytes,10.4 Mbits/sec,0,72.1 KBytes
13,167.00-168.00,1.62 MBytes,13.6 Mbits/sec,0,84.8 KBytes
7,168.00-169.00,1.49 MBytes,12.5 Mbits/sec,0,90.5 KBytes
9,168.00-169.00,1.62 MBytes,13.6 Mbits/sec,0,103 KBytes
11,168.00-169.00,1.55 MBytes,13.0 Mbits/sec,0,86.3 KBytes
13,168.00-169.00,1.62 MBytes,13.6 Mbits/sec,0,99.0 KBytes
7,169.00-170.00,1.49 MBytes,12.5 Mbits/sec,0,105 KBytes
9,169.00-170.00,1.62 MBytes,13.6 Mbits/sec,0,116 KBytes
11,169.00-170.00,1.55 MBytes,13.0 Mbits/sec,0,99.0 KBytes
13,169.00-170.00,1.62 MBytes,13.6 Mbits/sec,0,112 KBytes
7,170.00-171.00,1.86 MBytes,15.6 Mbits/sec,0,116 KBytes
9,170.00-171.00,1.62 MBytes,13.6 Mbits/sec,0,127 KBytes
11,170.00-171.00,1.55 MBytes,13.0 Mbits/sec,0,109 KBytes
13,170.00-171.00,1.62 MBytes,13.6 Mbits/sec,0,123 KBytes
7,171.00-172.00,1.49 MBytes,12.5 Mbits/sec,0,87.7 KBytes
9,171.00-172.00,2.42 MBytes,20.3 Mbits/sec,0,139 KBytes
11,171.00-172.00,1.55 MBytes,13.0 Mbits/sec,0,120 KBytes
13,171.00-172.00,1.62 MBytes,13.5 Mbits/sec,0,134 KBytes
7,172.00-173.00,1.12 MBytes,9.39 Mbits/sec,0,73.5 KBytes
9,172.00-173.00,1.62 MBytes,13.6 Mbits/sec,0,116 KBytes
11,172.00-173.00,1.55 MBytes,13.0 Mbits/sec,0,102 KBytes
13,172.00-173.00,1.62 MBytes,13.6 Mbits/sec,0,113 KBytes
7,173.00-174.00,1.49 MBytes,12.5 Mbits/sec,0,86.3 KBytes
9,173.00-174.00,2.42 MBytes,20.3 Mbits/sec,0,132 KBytes
11,173.00-174.00,1.86 MBytes,15.6 Mbits/sec,0,116 KBytes
13,173.00-174.00,1.62 MBytes,13.6 Mbits/sec,0,91.9 KBytes
7,174.00-175.00,1.49 MBytes,12.5 Mbits/sec,0,97.6 KBytes
9,174.00-175.00,1.62 MBytes,13.6 Mbits/sec,0,139 KBytes
11,174.00-175.00,1.86 MBytes,15.6 Mbits/sec,0,122 KBytes
13,174.00-175.00,1.62 MBytes,13.6 Mbits/sec,0,102 KBytes
7,175.00-176.00,1.49 MBytes,12.5 Mbits/sec,7,86.3 KBytes
9,175.00-176.00,2.42 MBytes,20.3 Mbits/sec,12,109 KBytes
11,175.00-176.00,1.55 MBytes,13.0 Mbits/sec,38,105 KBytes
13,175.00-176.00,1.62 MBytes,13.6 Mbits/sec,25,87.7 KBytes
7,176.00-177.00,1.12 MBytes,9.38 Mbits/sec,10,70.7 KBytes
9,176.00-177.00,827 KBytes,6.78 Mbits/sec,23,87.7 KBytes
11,176.00-177.00,2.17 MBytes,18.2 Mbits/sec,0,117 KBytes
13,176.00-177.00,827 KBytes,6.78 Mbits/sec,25,70.7 KBytes
7,177.00-178.00,1.12 MBytes,9.38 Mbits/sec,0,83.4 KBytes
9,177.00-178.00,1.62 MBytes,13.6 Mbits/sec,0,97.6 KBytes
11,177.00-178.00,1.55 MBytes,13.0 Mbits/sec,0,123 KBytes
13,177.00-178.00,1.62 MBytes,13.6 Mbits/sec,0,82.0 KBytes
7,178.00-179.00,1.12 MBytes,9.38 Mbits/sec,0,91.9 KBytes
9,178.00-179.00,1.62 MBytes,13.6 Mbits/sec,0,107 KBytes
11,178.00-179.00,1.55 MBytes,13.0 Mbits/sec,0,130 KBytes
13,178.00-179.00,827 KBytes,6.78 Mbits/sec,0,91.9 KBytes
7,179.00-180.00,764 KBytes,6.26 Mbits/sec,0,99.0 KBytes
9,179.00-180.00,827 KBytes,6.78 Mbits/sec,0,115 KBytes
11,179.00-180.00,1.55 MBytes,13.0 Mbits/sec,0,137 KBytes
13,179.00-180.00,827 KBytes,6.78 Mbits/sec,0,99.0 KBytes
7,180.00-181.00,1.12 MBytes,9.38 Mbits/sec,2,84.8 KBytes
9,180.00-181.00,1.62 MBytes,13.6 Mbits/sec,0,124 KBytes
11,180.00-181.00,1.24 MBytes,10.4 Mbits/sec,3,113 KBytes
13,180.00-181.00,827 KBytes,6.78 Mbits/sec,10,82.0 KBytes
7,181.00-182.00,1.12 MBytes,9.38 Mbits/sec,0,97.6 KBytes
9,181.00-182.00,1.62 MBytes,13.6 Mbits/sec,0,134 KBytes
11,181.00-182.00,1.55 MBytes,13.0 Mbits/sec,0,130 KBytes
13,181.00-182.00,1.62 MBytes,13.6 Mbits/sec,0,96.2 KBytes
7,182.00-183.00,1.49 MBytes,12.5 Mbits/sec,10,50.9 KBytes
9,182.00-183.00,2.42 MBytes,20.3 Mbits/sec,0,89.1 KBytes
11,182.00-183.00,2.17 MBytes,18.2 Mbits/sec,4,74.9 KBytes
13,182.00-183.00,1.62 MBytes,13.6 Mbits/sec,9,50.9 KBytes
7,183.00-184.00,1.86 MBytes,15.6 Mbits/sec,8,19.8 KBytes
9,183.00-184.00,1.62 MBytes,13.6 Mbits/sec,20,7.07 KBytes
11,183.00-184.00,2.17 MBytes,18.2 Mbits/sec,20,21.2 KBytes
13,183.00-184.00,1.62 MBytes,13.6 Mbits/sec,11,9.90 KBytes
7,184.00-185.00,2.98 MBytes,25.0 Mbits/sec,0,14.1 KBytes
9,184.00-185.00,1.62 MBytes,13.6 Mbits/sec,0,8.48 KBytes
11,184.00-185.00,2.17 MBytes,18.2 Mbits/sec,0,14.1 KBytes
13,184.00-185.00,1.62 MBytes,13.6 Mbits/sec,0,11.3 KBytes
7,185.00-186.00,2.24 MBytes,18.8 Mbits/sec,0,46.7 KBytes
9,185.00-186.00,1.62 MBytes,13.6 Mbits/sec,0,43.8 KBytes
11,185.00-186.00,2.17 MBytes,18.2 Mbits/sec,0,45.2 KBytes
13,185.00-186.00,2.42 MBytes,20.3 Mbits/sec,0,45.2 KBytes
7,186.00-187.00,2.24 MBytes,18.8 Mbits/sec,28,21.2 KBytes
9,186.00-187.00,2.42 MBytes,20.3 Mbits/sec,18,19.8 KBytes
11,186.00-187.00,2.17 MBytes,18.2 Mbits/sec,15,21.2 KBytes
13,186.00-187.00,2.42 MBytes,20.3 Mbits/sec,13,25.5 KBytes
7,187.00-188.00,1.86 MBytes,15.6 Mbits/sec,0,25.5 KBytes
9,187.00-188.00,1.62 MBytes,13.6 Mbits/sec,0,28.3 KBytes
11,187.00-188.00,2.17 MBytes,18.2 Mbits/sec,0,18.4 KBytes
13,187.00-188.00,1.62 MBytes,13.6 Mbits/sec,0,22.6 KBytes
7,188.00-189.00,2.61 MBytes,21.9 Mbits/sec,0,35.4 KBytes
9,188.00-189.00,2.42 MBytes,20.3 Mbits/sec,5,26.9 KBytes
11,188.00-189.00,1.55 MBytes,13.0 Mbits/sec,2,24.0 KBytes
13,188.00-189.00,2.42 MBytes,20.3 Mbits/sec,0,22.6 KBytes
7,189.00-190.00,2.24 MBytes,18.8 Mbits/sec,0,39.6 KBytes
9,189.00-190.00,1.62 MBytes,13.6 Mbits/sec,0,36.8 KBytes
11,189.00-190.00,2.17 MBytes,18.2 Mbits/sec,0,46.7 KBytes
13,189.00-190.00,1.62 MBytes,13.6 Mbits/sec,0,35.4 KBytes
7,190.00-191.00,2.61 MBytes,21.9 Mbits/sec,4,14.1 KBytes
9,190.00-191.00,2.42 MBytes,20.3 Mbits/sec,3,11.3 KBytes
11,190.00-191.00,2.17 MBytes,18.3 Mbits/sec,0,19.8 KBytes
13,190.00-191.00,2.42 MBytes,20.3 Mbits/sec,4,17.0 KBytes
7,191.00-192.00,2.61 MBytes,21.9 Mbits/sec,0,49.5 KBytes
9,191.00-192.00,1.62 MBytes,13.6 Mbits/sec,0,39.6 KBytes
11,191.00-192.00,2.17 MBytes,18.2 Mbits/sec,0,43.8 KBytes
13,191.00-192.00,2.42 MBytes,20.3 Mbits/sec,0,39.6 KBytes
7,192.00-193.00,2.61 MBytes,21.9 Mbits/sec,0,82.0 KBytes
9,192.00-193.00,2.42 MBytes,20.3 Mbits/sec,0,72.1 KBytes
11,192.00-193.00,2.49 MBytes,20.8 Mbits/sec,0,76.4 KBytes
13,192.00-193.00,2.42 MBytes,20.3 Mbits/sec,0,72.1 KBytes
7,193.00-194.00,2.61 MBytes,21.9 Mbits/sec,0,84.8 KBytes
9,193.00-194.00,2.42 MBytes,20.3 Mbits/sec,0,69.3 KBytes
11,193.00-194.00,2.49 MBytes,20.8 Mbits/sec,0,96.2 KBytes
13,193.00-194.00,2.42 MBytes,20.3 Mbits/sec,0,91.9 KBytes
7,194.00-195.00,2.24 MBytes,18.8 Mbits/sec,0,90.5 KBytes
9,194.00-195.00,1.62 MBytes,13.6 Mbits/sec,0,60.8 KBytes
11,194.00-195.00,2.80 MBytes,23.5 Mbits/sec,0,117 KBytes
13,194.00-195.00,1.62 MBytes,13.6 Mbits/sec,0,82.0 KBytes
7,195.00-196.00,2.24 MBytes,18.8 Mbits/sec,0,109 KBytes
9,195.00-196.00,1.62 MBytes,13.6 Mbits/sec,0,79.2 KBytes
11,195.00-196.00,2.80 MBytes,23.5 Mbits/sec,0,136 KBytes
13,195.00-196.00,2.42 MBytes,20.3 Mbits/sec,0,99.0 KBytes
7,196.00-197.00,2.24 MBytes,18.8 Mbits/sec,0,123 KBytes
9,196.00-197.00,1.62 MBytes,13.6 Mbits/sec,0,94.7 KBytes
11,196.00-197.00,2.80 MBytes,23.5 Mbits/sec,0,151 KBytes
13,196.00-197.00,1.62 MBytes,13.6 Mbits/sec,0,115 KBytes
7,197.00-198.00,2.24 MBytes,18.8 Mbits/sec,0,137 KBytes
9,197.00-198.00,1.62 MBytes,13.6 Mbits/sec,0,109 KBytes
11,197.00-198.00,2.61 MBytes,21.9 Mbits/sec,0,117 KBytes
13,197.00-198.00,2.42 MBytes,20.3 Mbits/sec,0,129 KBytes
7,198.00-199.00,2.61 MBytes,21.9 Mbits/sec,0,151 KBytes
9,198.00-199.00,2.42 MBytes,20.3 Mbits/sec,0,122 KBytes
11,198.00-199.00,2.49 MBytes,20.9 Mbits/sec,0,143 KBytes
13,198.00-199.00,2.42 MBytes,20.3 Mbits/sec,0,141 KBytes
7,199.00-200.00,2.61 MBytes,21.9 Mbits/sec,5,119 KBytes
9,199.00-200.00,1.62 MBytes,13.6 Mbits/sec,11,65.0 KBytes
11,199.00-200.00,2.73 MBytes,22.9 Mbits/sec,0,109 KBytes
13,199.00-200.00,2.42 MBytes,20.3 Mbits/sec,15,112 KBytes
7,0.00-200.00,394 MBytes,16.5 Mbits/sec,727,
7,0.00-200.03,393 MBytes,16.5 Mbits/sec,,
9,0.00-200.00,425 MBytes,17.8 Mbits/sec,719,
9,0.00-200.03,423 MBytes,17.7 Mbits/sec,,
11,0.00-200.00,387 MBytes,16.2 Mbits/sec,769,
11,0.00-200.03,386 MBytes,16.2 Mbits/sec,,
13,0.00-200.00,408 MBytes,17.1 Mbits/sec,868,
13,0.00-200.03,406 MBytes,17.0 Mbits/sec,,
